{
  "somatic": {
    "cohort": "somatic",
    "total_sites": 104414,
    "violations_p001": 4395,
    "violations_p0001": 3912,
    "violations_p1e5": 3518,
    "violation_rate_p001": 0.04209205662075967,
    "violation_rate_p0001": 0.0374662401593656,
    "violation_rate_p1e5": 0.033692799816116614,
    "p_value_mean": 0.8876986445714098,
    "p_value_median": 1.0,
    "p_value_min": 0.0,
    "p_value_max": 1.0
  },
  "germline": {
    "cohort": "germline",
    "total_sites": 1066578,
    "violations_p001": 66158,
    "violations_p0001": 56292,
    "violations_p1e5": 49555,
    "violation_rate_p001": 0.06202828110086651,
    "violation_rate_p0001": 0.052778137182653305,
    "violation_rate_p1e5": 0.04646167462670334,
    "p_value_mean": 0.7719897459896895,
    "p_value_median": 1.0,
    "p_value_min": 0.0,
    "p_value_max": 1.0
  }
}